{
  "times": [
    0.0,
    0.1,
    0.2,
    0.30000000000000004,
    0.4,
    0.5,
    0.6000000000000001,
    0.7000000000000001,
    0.8,
    0.9,
    1.0,
    1.1,
    1.2000000000000002,
    1.3,
    1.4000000000000001,
    1.5,
    1.6,
    1.7000000000000002,
    1.8,
    1.9000000000000001,
    2.0
  ],
  "l2_errors": [
    0.0007828594358691925,
    0.0264952224156672,
    0.057226711055658755,
    0.09187337613327083,
    0.12801455880963605,
    0.159683511115271,
    0.17813480017741057,
    0.1770351724532663,
    0.15782786933009343,
    0.1282905504120694,
    0.09660718248239673,
    0.06800470320013285,
    0.04493420848684458,
    0.028539027310877492,
    0.02005757536888615,
    0.019457371868380598,
    0.022643807152251977,
    0.02624580401586668,
    0.029282463461082563,
    0.03168788055101267,
    0.03362951231690948
  ],
  "linf_errors": [
    0.0006289683892155562,
    0.023971108796151386,
    0.05471175506991233,
    0.09300465040865324,
    0.13677646372705665,
    0.17880746145546444,
    0.20714096548183925,
    0.21166526947831188,
    0.19200096809701317,
    0.15750155513865227,
    0.11928661995602141,
    0.08472435653667265,
    0.05717072574226845,
    0.03727566500927315,
    0.024104111153529173,
    0.029409725526473876,
    0.03564858440234242,
    0.04351523078877928,
    0.049327755745008806,
    0.05359506291666083,
    0.05675121931138516
  ],
  "max_l2_error": 0.17813480017741057,
  "max_linf_error": 0.21166526947831188,
  "mean_l2_error": 0.07268829369299307,
  "config": {
    "ic": "sine",
    "alpha": 0.75,
    "nu": 0.1,
    "t_max": 2.0,
    "n_times": 21,
    "N": 512,
    "N_ref": 2048,
    "L": 3.14159265358979,
    "pinn_checkpoint": "/content/fracburgers/results/train_pinn/ic_sine/alpha_0p75/nu_0p1/epochs_30000/model.weights.h5",
    "hidden_layers": null,
    "activation": null,
    "out_dir": "results/compare/ic_sine/alpha_0p75/nu_0p1/N_512",
    "movie": "/content/fracburgers/results/compare/movie_0p75.gif",
    "movie_fps": 5
  }
}