{
  "times": [
    0.0,
    0.1,
    0.2,
    0.30000000000000004,
    0.4,
    0.5,
    0.6000000000000001,
    0.7000000000000001,
    0.8,
    0.9,
    1.0,
    1.1,
    1.2000000000000002,
    1.3,
    1.4000000000000001,
    1.5,
    1.6,
    1.7000000000000002,
    1.8,
    1.9000000000000001,
    2.0
  ],
  "l2_errors": [
    0.000782865129002463,
    0.026495225171294837,
    0.05722670696068753,
    0.0918734019782924,
    0.12801459528993162,
    0.15968350760014136,
    0.17813480704393467,
    0.17703517711138647,
    0.1578279016041915,
    0.12829057997197968,
    0.096607218450423,
    0.0680047380745282,
    0.04493429833416842,
    0.028539096039541655,
    0.020057591516005047,
    0.0194573390986493,
    0.022643729553377366,
    0.0262457760823389,
    0.029282415508668398,
    0.03168782389875686,
    0.03362941352316302
  ],
  "linf_errors": [
    0.00062926593856516,
    0.023974349998951316,
    0.05471411781461688,
    0.09300831307373247,
    0.13677189420035385,
    0.17880481667253134,
    0.20714126332944782,
    0.21166529236043186,
    0.19200830073334763,
    0.15750496557588956,
    0.11928440110589,
    0.08472203093117514,
    0.057171457135860804,
    0.037277048839239324,
    0.024104133150196327,
    0.029405452896048657,
    0.0356512284350079,
    0.0435163738593034,
    0.04933232440877633,
    0.05359502634783109,
    0.056752731094392384
  ],
  "max_l2_error": 0.17813480704393467,
  "max_linf_error": 0.21166529236043186,
  "mean_l2_error": 0.07268829561621251,
  "config": {
    "ic": "sine",
    "alpha": 0.75,
    "nu": 0.1,
    "t_max": 2.0,
    "n_times": 21,
    "N": 512,
    "N_ref": 2048,
    "L": 3.14159265358979,
    "pinn_checkpoint": "/Users/asness_will/Desktop/Everything_Academic/grad school/year 2/APMA 2070/fracburgers/results/train_pinn/ic_sine/alpha_0p75/nu_0p1/epochs_30000/model.weights.h5",
    "hidden_layers": null,
    "activation": null,
    "out_dir": "results/compare/ic_sine/alpha_0p75/nu_0p1/N_512",
    "movie": null,
    "movie_fps": 5
  }
}