{
  "times": [
    0.0,
    0.1,
    0.2,
    0.30000000000000004,
    0.4,
    0.5,
    0.6000000000000001,
    0.7000000000000001,
    0.8,
    0.9,
    1.0,
    1.1,
    1.2000000000000002,
    1.3,
    1.4000000000000001,
    1.5,
    1.6,
    1.7000000000000002,
    1.8,
    1.9000000000000001,
    2.0
  ],
  "l2_errors": [
    2.8310982325845512e-05,
    0.0030488095932148006,
    0.0017010881180051143,
    0.0010148840859259265,
    0.002357572812521784,
    0.0032570558534294504,
    0.003605902312946232,
    0.003545883927887974,
    0.003236020842282685,
    0.0028065904964737387,
    0.002348439271185478,
    0.0019175661782187038,
    0.0015447074030174493,
    0.0012436906187600788,
    0.001016497666019348,
    0.0008545589779620844,
    0.0007399043569513565,
    0.0006495824700331854,
    0.0005625919653746396,
    0.0004646700752936055,
    0.0003503947051864633
  ],
  "linf_errors": [
    3.8291957851099845e-05,
    0.004269050881018144,
    0.0023714101038696533,
    0.0015653481963744387,
    0.004361203688409976,
    0.006077040711864989,
    0.0067689332969347316,
    0.006688919104657298,
    0.006124657919924448,
    0.005320336522773972,
    0.004450502194142558,
    0.00362350282689472,
    0.0028943954166542607,
    0.002282191713746995,
    0.001784418554436451,
    0.0013862034501835874,
    0.001068659019076157,
    0.0008122635808893719,
    0.0006008700274977574,
    0.0005002627318068109,
    0.0004276728311762845
  ],
  "max_l2_error": 0.003605902312946232,
  "max_linf_error": 0.0067689332969347316,
  "mean_l2_error": 0.0017283201291912356,
  "config": {
    "ic": "gaussian",
    "alpha": 0.1,
    "nu": 0.1,
    "t_max": 2.0,
    "n_times": 21,
    "N": 512,
    "N_ref": 2048,
    "L": 3.14159265358979,
    "pinn_checkpoint": "/content/fracburgers/results/train_pinn/ic_gaussian/alpha_0p1/nu_0p1/epochs_30000/model.weights.h5",
    "hidden_layers": null,
    "activation": null,
    "out_dir": "results/compare/ic_gaussian/alpha_0p1/nu_0p1/N_512",
    "movie": "/content/fracburgers/results/compare/gaussian_movie_0p1.gif",
    "movie_fps": 5
  }
}