{
  "times": [
    0.0,
    0.1,
    0.2,
    0.30000000000000004,
    0.4,
    0.5,
    0.6000000000000001,
    0.7000000000000001,
    0.8,
    0.9,
    1.0,
    1.1,
    1.2000000000000002,
    1.3,
    1.4000000000000001,
    1.5,
    1.6,
    1.7000000000000002,
    1.8,
    1.9000000000000001,
    2.0
  ],
  "l2_errors": [
    1.9735612787514105,
    1.9630086986572275,
    1.9488737800005176,
    1.9304817715354936,
    1.9067547923367063,
    1.8765331070995916,
    1.8393387509290386,
    1.7958737625832064,
    1.7477948910651284,
    1.6970861746394623,
    1.6455307770808458,
    1.594448919963684,
    1.5446611175505915,
    1.4965827755054881,
    1.4503570983378327,
    1.4059714689147123,
    1.3633385884600844,
    1.3223463335912813,
    1.2828841001841442,
    1.2448546891350762,
    1.2081780781757507
  ],
  "linf_errors": [
    1.2193980131979862,
    1.239782573710218,
    1.2626303116073752,
    1.2864989454010467,
    1.3081056456190057,
    1.3227522176137794,
    1.326366842521643,
    1.317636166480239,
    1.2982531864869724,
    1.2714569226850458,
    1.2404484867905012,
    1.2076309693320684,
    1.1744669984961964,
    1.1417009064158308,
    1.1096251746589996,
    1.0782706462127833,
    1.0475816682106733,
    1.017485665696836,
    0.9879125573240499,
    0.9588296703381536,
    0.9302331315792086
  ],
  "max_l2_error": 1.9735612787514105,
  "max_linf_error": 1.326366842521643,
  "mean_l2_error": 1.6304029025951081,
  "config": {
    "ic": "gaussian",
    "alpha": 0.1,
    "nu": 0.1,
    "t_max": 2.0,
    "n_times": 21,
    "N": 512,
    "N_ref": 2048,
    "L": 3.14159265358979,
    "pinn_checkpoint": "/content/fracburgers/results/train_pinn/ic_sine/alpha_0p1/nu_0p1/epochs_30000/model.weights.h5",
    "hidden_layers": null,
    "activation": null,
    "out_dir": "results/compare/ic_gaussian/alpha_0p1/nu_0p1/N_512",
    "movie": "/content/fracburgers/results/compare/sine_movie_0p1.gif",
    "movie_fps": 5
  }
}