{
  "times": [
    0.0,
    0.1,
    0.2,
    0.30000000000000004,
    0.4,
    0.5,
    0.6000000000000001,
    0.7000000000000001,
    0.8,
    0.9,
    1.0,
    1.1,
    1.2000000000000002,
    1.3,
    1.4000000000000001,
    1.5,
    1.6,
    1.7000000000000002,
    1.8,
    1.9000000000000001,
    2.0
  ],
  "l2_errors": [
    2.8309698332574424e-05,
    0.0030488705239239866,
    0.0017011443599336097,
    0.0010148539866227562,
    0.0023575119449719883,
    0.003257005034323538,
    0.0036058408846989924,
    0.0035458417840766665,
    0.0032359822094515035,
    0.00280655084101759,
    0.0023484040114985405,
    0.00191753823816373,
    0.0015446755026652234,
    0.0012436539337818623,
    0.001016471792771498,
    0.0008545342185293575,
    0.000739877293203117,
    0.0006495576084709853,
    0.0005625738853391789,
    0.0004646485717312455,
    0.00035038616555440054
  ],
  "linf_errors": [
    3.8271753723062574e-05,
    0.004269146851656691,
    0.002371508549924739,
    0.0015653223291535179,
    0.004361130277548475,
    0.006076924002171302,
    0.006768756892912675,
    0.006688886682976403,
    0.006124755287369221,
    0.005320219125510173,
    0.004450391654433727,
    0.003623500241306865,
    0.002894284712810724,
    0.002282249862037067,
    0.0017844083696920698,
    0.0013861586835430817,
    0.00106856498430552,
    0.0008122872247460222,
    0.0006008185159273038,
    0.0005002708298391667,
    0.00042769626903460534
  ],
  "max_l2_error": 0.0036058408846989924,
  "max_linf_error": 0.006768756892912675,
  "mean_l2_error": 0.0017282967851934448,
  "config": {
    "ic": "gaussian",
    "alpha": 0.1,
    "nu": 0.1,
    "t_max": 2.0,
    "n_times": 21,
    "N": 512,
    "N_ref": 2048,
    "L": 3.14159265358979,
    "pinn_checkpoint": "/Users/asness_will/Desktop/Everything_Academic/grad school/year 2/APMA 2070/fracburgers/results/train_pinn/ic_gaussian/alpha_0p1/nu_0p1/epochs_30000/model.weights.h5",
    "hidden_layers": null,
    "activation": null,
    "out_dir": "results/compare/ic_gaussian/alpha_0p1/nu_0p1/N_512",
    "movie": null,
    "movie_fps": 12
  }
}