{
  "times": [
    0.0,
    0.1,
    0.2,
    0.30000000000000004,
    0.4,
    0.5,
    0.6000000000000001,
    0.7000000000000001,
    0.8,
    0.9,
    1.0,
    1.1,
    1.2000000000000002,
    1.3,
    1.4000000000000001,
    1.5,
    1.6,
    1.7000000000000002,
    1.8,
    1.9000000000000001,
    2.0
  ],
  "l2_errors": [
    0.0003718804851938914,
    0.023596203830297254,
    0.04988831045871829,
    0.0778501955721502,
    0.10487520463849898,
    0.12692229949066894,
    0.13955569039507942,
    0.13996652983006083,
    0.1290951611310996,
    0.11099943070514824,
    0.09015467181057932,
    0.06981598411781556,
    0.05188284204594653,
    0.03724217961365451,
    0.02614037270206463,
    0.01852422479357482,
    0.014224052075816746,
    0.012738017952787504,
    0.013034843979871303,
    0.014137538773476961,
    0.01555512399095109
  ],
  "linf_errors": [
    0.00038522554006981125,
    0.021383251575095463,
    0.047903038312381074,
    0.07912554421397866,
    0.11238637381351335,
    0.14289675242165312,
    0.16458208050024914,
    0.17214478979245906,
    0.1646969653827135,
    0.1462513311857947,
    0.12238021882663208,
    0.09766161875555346,
    0.07511731373606101,
    0.05631637746215734,
    0.04168253650442666,
    0.030862789412859915,
    0.023121809550251227,
    0.01828062647944162,
    0.02294798594306635,
    0.026671965893901306,
    0.02968761943439513
  ],
  "max_l2_error": 0.13996652983006083,
  "max_linf_error": 0.17214478979245906,
  "mean_l2_error": 0.060312893256831174,
  "config": {
    "ic": "sine",
    "alpha": 0.5,
    "nu": 0.1,
    "t_max": 2.0,
    "n_times": 21,
    "N": 512,
    "N_ref": 2048,
    "L": 3.14159265358979,
    "pinn_checkpoint": "/Users/asness_will/Desktop/Everything_Academic/grad school/year 2/APMA 2070/fracburgers/results/train_pinn/ic_sine/alpha_0p5/nu_0p1/epochs_30000/model.weights.h5",
    "hidden_layers": null,
    "activation": null,
    "out_dir": "results/compare/ic_sine/alpha_0p5/nu_0p1/N_512",
    "movie": null,
    "movie_fps": 5
  }
}