{
  "times": [
    0.0,
    0.1,
    0.2,
    0.30000000000000004,
    0.4,
    0.5,
    0.6000000000000001,
    0.7000000000000001,
    0.8,
    0.9,
    1.0,
    1.1,
    1.2000000000000002,
    1.3,
    1.4000000000000001,
    1.5,
    1.6,
    1.7000000000000002,
    1.8,
    1.9000000000000001,
    2.0
  ],
  "l2_errors": [
    0.00037186622584083263,
    0.023596182819101218,
    0.04988830379123611,
    0.07785020264733639,
    0.10487520188453599,
    0.1269223067300316,
    0.13955568144819167,
    0.13996653031252723,
    0.12909514887270948,
    0.11099945149256032,
    0.0901546671967593,
    0.06981598716998823,
    0.05188283287084255,
    0.03724214275147205,
    0.0261403432731169,
    0.018524214165570162,
    0.014224018936886627,
    0.012738011077616612,
    0.013034856981597226,
    0.014137552192636892,
    0.015555117688731933
  ],
  "linf_errors": [
    0.00038553202616598004,
    0.021383373906737724,
    0.04790110033306105,
    0.07912545256619152,
    0.11238582487440718,
    0.1428966544111161,
    0.16458103904544874,
    0.1721436944874064,
    0.16469767899595,
    0.14625319292515626,
    0.12237901042154564,
    0.09766131537821887,
    0.07511813333314166,
    0.0563163034905354,
    0.0416832304138135,
    0.030863225775848768,
    0.023122023306995088,
    0.018280528761420722,
    0.022948212661444423,
    0.02667159648616846,
    0.029686872865372638
  ],
  "max_l2_error": 0.13996653031252723,
  "max_linf_error": 0.1721436944874064,
  "mean_l2_error": 0.0603128866918709,
  "config": {
    "ic": "sine",
    "alpha": 0.5,
    "nu": 0.1,
    "t_max": 2.0,
    "n_times": 21,
    "N": 512,
    "N_ref": 2048,
    "L": 3.14159265358979,
    "pinn_checkpoint": "/content/fracburgers/results/train_pinn/ic_sine/alpha_0p5/nu_0p1/epochs_30000/model.weights.h5",
    "hidden_layers": null,
    "activation": null,
    "out_dir": "results/compare/ic_sine/alpha_0p5/nu_0p1/N_512",
    "movie": "/content/fracburgers/results/compare/movie_0p5.gif",
    "movie_fps": 5
  }
}