{
  "times": [
    0.0,
    0.05,
    0.1,
    0.15000000000000002,
    0.2,
    0.25,
    0.30000000000000004,
    0.35000000000000003,
    0.4,
    0.45,
    0.5,
    0.55,
    0.6000000000000001,
    0.65,
    0.7000000000000001,
    0.75,
    0.8,
    0.8500000000000001,
    0.9,
    0.9500000000000001,
    1.0
  ],
  "l2_errors": [
    0.38012994764056357,
    0.9008226993661583,
    NaN,
    NaN,
    NaN,
    NaN,
    NaN,
    NaN,
    NaN,
    NaN,
    NaN,
    NaN,
    NaN,
    NaN,
    NaN,
    NaN,
    NaN,
    NaN,
    NaN,
    NaN,
    NaN
  ],
  "linf_errors": [
    1.7007366967346331,
    2.3467031127738425,
    NaN,
    NaN,
    NaN,
    NaN,
    NaN,
    NaN,
    NaN,
    NaN,
    NaN,
    NaN,
    NaN,
    NaN,
    NaN,
    NaN,
    NaN,
    NaN,
    NaN,
    NaN,
    NaN
  ],
  "max_l2_error": 0.9008226993661583,
  "max_linf_error": 2.3467031127738425,
  "mean_l2_error": 0.6404763235033609,
  "config": {
    "ic": "sine",
    "alpha": 0.5,
    "nu": 0.1,
    "t_max": 1.0,
    "n_times": 21,
    "N": 512,
    "N_ref": 2048,
    "L": 3.14159265358979,
    "pinn_checkpoint": "/content/fracburgers/results/train_pinn/ic_sine/alpha_0p5/nu_0p1/epochs_20000/model.weights.h5",
    "hidden_layers": null,
    "activation": null,
    "out_dir": "results/compare/ic_sine/alpha_0p5/nu_0p1/N_512",
    "movie": "/content/fracburgers/results/compare/movie.gif",
    "movie_fps": 12
  }
}