{
  "times": [
    0.0,
    0.1,
    0.2,
    0.30000000000000004,
    0.4,
    0.5,
    0.6000000000000001,
    0.7000000000000001,
    0.8,
    0.9,
    1.0,
    1.1,
    1.2000000000000002,
    1.3,
    1.4000000000000001,
    1.5,
    1.6,
    1.7000000000000002,
    1.8,
    1.9000000000000001,
    2.0
  ],
  "l2_errors": [
    1.9735620121326933,
    1.9629733777632448,
    1.9534001051251582,
    1.9441549020736562,
    1.9337274289862558,
    1.9191278803766416,
    1.8963276950769024,
    1.862701146119624,
    1.8193017258178625,
    1.7699131756163162,
    1.7183343558754394,
    1.6670100797246894,
    1.617138334868435,
    1.5691536235664656,
    1.5230998642205926,
    1.4788502751911454,
    1.4362235306427262,
    1.3950409124379841,
    1.3551514456360023,
    1.3164396214017544,
    1.278824933959149
  ],
  "linf_errors": [
    1.219686819129585,
    1.2476046754917391,
    1.2742363165494062,
    1.299516838102988,
    1.3238596675476328,
    1.347459630077289,
    1.3672518127221542,
    1.3761787284022289,
    1.370361208529156,
    1.3521536228965436,
    1.326510601689702,
    1.297633535691793,
    1.26805796629195,
    1.2389617304866571,
    1.2106728820170098,
    1.1831063735696032,
    1.1560485628037815,
    1.129274086993168,
    1.1026355114823234,
    1.076037740753777,
    1.0494378722300504
  ],
  "max_l2_error": 1.9735620121326933,
  "max_linf_error": 1.3761787284022289,
  "mean_l2_error": 1.685259829838702,
  "config": {
    "ic": "gaussian",
    "alpha": 0.75,
    "nu": 0.1,
    "t_max": 2.0,
    "n_times": 21,
    "N": 512,
    "N_ref": 2048,
    "L": 3.14159265358979,
    "pinn_checkpoint": "/content/fracburgers/results/train_pinn/ic_sine/alpha_0p75/nu_0p1/epochs_30000/model.weights.h5",
    "hidden_layers": null,
    "activation": null,
    "out_dir": "results/compare/ic_gaussian/alpha_0p75/nu_0p1/N_512",
    "movie": "/content/fracburgers/results/compare/sine_movie_0p75.gif",
    "movie_fps": 5
  }
}