{
  "times": [
    0.0,
    0.1,
    0.2,
    0.30000000000000004,
    0.4,
    0.5,
    0.6000000000000001,
    0.7000000000000001,
    0.8,
    0.9,
    1.0,
    1.1,
    1.2000000000000002,
    1.3,
    1.4000000000000001,
    1.5,
    1.6,
    1.7000000000000002,
    1.8,
    1.9000000000000001,
    2.0
  ],
  "l2_errors": [
    0.00018797077486354443,
    0.0011143080945987033,
    0.001730527018484849,
    0.0022522668144069453,
    0.0026323475783678494,
    0.0029280111027758806,
    0.0032473939182149354,
    0.0035708753691035197,
    0.00380535987684302,
    0.003884461303005649,
    0.003794077158712431,
    0.003556967099432705,
    0.00321362489693319,
    0.0028085618233775005,
    0.0023827547945179674,
    0.001969418474095401,
    0.0015924431082487817,
    0.0012665538431053105,
    0.0010002494045435524,
    0.000805910058820731,
    0.0007159287957295746
  ],
  "linf_errors": [
    0.00017410308493770454,
    0.0012880832568977763,
    0.002623476518229917,
    0.003273669926114997,
    0.003742373936392096,
    0.004314268387906883,
    0.004894685983566183,
    0.00533818823091059,
    0.005589290014589243,
    0.005623575545857129,
    0.005469289822539969,
    0.00515566465469619,
    0.0047233884345843635,
    0.004223726340140288,
    0.003682882367502971,
    0.003135624838406792,
    0.002612447948960872,
    0.0021300261820406674,
    0.001713355330534183,
    0.001368383596041245,
    0.0011010635578135863
  ],
  "max_l2_error": 0.003884461303005649,
  "max_linf_error": 0.005623575545857129,
  "mean_l2_error": 0.002307619586103907,
  "config": {
    "ic": "gaussian",
    "alpha": 0.75,
    "nu": 0.1,
    "t_max": 2.0,
    "n_times": 21,
    "N": 512,
    "N_ref": 2048,
    "L": 3.14159265358979,
    "pinn_checkpoint": "/content/fracburgers/results/train_pinn/ic_gaussian/alpha_0p75/nu_0p1/epochs_30000/model.weights.h5",
    "hidden_layers": null,
    "activation": null,
    "out_dir": "results/compare/ic_gaussian/alpha_0p75/nu_0p1/N_512",
    "movie": "/content/fracburgers/results/compare/gaussian_movie_0p75.gif",
    "movie_fps": 5
  }
}