{
  "times": [
    0.0,
    0.1,
    0.2,
    0.30000000000000004,
    0.4,
    0.5,
    0.6000000000000001,
    0.7000000000000001,
    0.8,
    0.9,
    1.0,
    1.1,
    1.2000000000000002,
    1.3,
    1.4000000000000001,
    1.5,
    1.6,
    1.7000000000000002,
    1.8,
    1.9000000000000001,
    2.0
  ],
  "l2_errors": [
    0.00018793690476303385,
    0.001114276894976474,
    0.0017304729163015542,
    0.0022522812794781473,
    0.002632361041978691,
    0.0029280267573208196,
    0.003247351142399847,
    0.0035708494771086105,
    0.003805328998918268,
    0.0038844271587027495,
    0.0037940211021285186,
    0.0035569367586426827,
    0.0032135671037592873,
    0.0028085448506293747,
    0.002382706042781375,
    0.001969377362937994,
    0.0015924100662575713,
    0.0012665014799985044,
    0.0010002347009515414,
    0.0008058930723749231,
    0.0007158852167707063
  ],
  "linf_errors": [
    0.00017304384870658884,
    0.0012876630461104988,
    0.002625078561332539,
    0.0032745795452016058,
    0.003742925821255849,
    0.004314685134993279,
    0.004892482878933735,
    0.005342210371976408,
    0.0055895470676540215,
    0.005623144181482409,
    0.005468402556288665,
    0.005156958274682932,
    0.004725288599690292,
    0.004223308116702351,
    0.003683640070812566,
    0.0031346744372506286,
    0.0026120682845623966,
    0.0021317813431127597,
    0.001711567875657738,
    0.0013666823534119743,
    0.001100078467654586
  ],
  "max_l2_error": 0.0038844271587027495,
  "max_linf_error": 0.005623144181482409,
  "mean_l2_error": 0.0023075900156752697,
  "config": {
    "ic": "gaussian",
    "alpha": 0.75,
    "nu": 0.1,
    "t_max": 2.0,
    "n_times": 21,
    "N": 512,
    "N_ref": 2048,
    "L": 3.14159265358979,
    "pinn_checkpoint": "/Users/asness_will/Desktop/Everything_Academic/grad school/year 2/APMA 2070/fracburgers/results/train_pinn/ic_gaussian/alpha_0p75/nu_0p1/epochs_30000/model.weights.h5",
    "hidden_layers": null,
    "activation": null,
    "out_dir": "results/compare/ic_gaussian/alpha_0p75/nu_0p1/N_512",
    "movie": null,
    "movie_fps": 12
  }
}