{
  "times": [
    0.0,
    0.1,
    0.2,
    0.30000000000000004,
    0.4,
    0.5,
    0.6000000000000001,
    0.7000000000000001,
    0.8,
    0.9,
    1.0,
    1.1,
    1.2000000000000002,
    1.3,
    1.4000000000000001,
    1.5,
    1.6,
    1.7000000000000002,
    1.8,
    1.9000000000000001,
    2.0
  ],
  "l2_errors": [
    1.9735521182733518,
    1.96291189690096,
    1.9494959429932455,
    1.9327740518925207,
    1.9119716215861615,
    1.8862543779725784,
    1.8550509833080693,
    1.8182419956862355,
    1.7761464862325846,
    1.7294553590662671,
    1.6792311431937386,
    1.6268713848214795,
    1.5739006441618064,
    1.521663071771979,
    1.471102585529444,
    1.4227236371491274,
    1.3766838394568632,
    1.3329254933615036,
    1.2912852941573836,
    1.2515657172682495,
    1.2135742437766086
  ],
  "linf_errors": [
    1.2193563122758984,
    1.2451199960691002,
    1.2739712819157178,
    1.3047725439234243,
    1.3352598200835062,
    1.3621466392106232,
    1.3818150508385723,
    1.391333767496059,
    1.3892385706508732,
    1.375561007183779,
    1.3515990529131694,
    1.3196023757032553,
    1.2823221774277578,
    1.2424156077586939,
    1.201990022457644,
    1.1623615652286536,
    1.1241714842160726,
    1.0876150121875878,
    1.0526456785255867,
    1.0191067906074556,
    0.9868205816365591
  ],
  "max_l2_error": 1.9735521182733518,
  "max_linf_error": 1.391333767496059,
  "mean_l2_error": 1.64558961374096,
  "config": {
    "ic": "gaussian",
    "alpha": 0.25,
    "nu": 0.1,
    "t_max": 2.0,
    "n_times": 21,
    "N": 512,
    "N_ref": 2048,
    "L": 3.14159265358979,
    "pinn_checkpoint": "/content/fracburgers/results/train_pinn/ic_sine/alpha_0p25/nu_0p1/epochs_30000/model.weights.h5",
    "hidden_layers": null,
    "activation": null,
    "out_dir": "results/compare/ic_gaussian/alpha_0p25/nu_0p1/N_512",
    "movie": "/content/fracburgers/results/compare/sine_movie_0p25.gif",
    "movie_fps": 5
  }
}