{
  "times": [
    0.0,
    0.1,
    0.2,
    0.30000000000000004,
    0.4,
    0.5,
    0.6000000000000001,
    0.7000000000000001,
    0.8,
    0.9,
    1.0,
    1.1,
    1.2000000000000002,
    1.3,
    1.4000000000000001,
    1.5,
    1.6,
    1.7000000000000002,
    1.8,
    1.9000000000000001,
    2.0
  ],
  "l2_errors": [
    5.3049019981227705e-05,
    0.001022506001556799,
    0.0020745854402341246,
    0.003629469477299631,
    0.004620174131960225,
    0.005068526687412431,
    0.005102175829216857,
    0.004833613196282316,
    0.004368887387048764,
    0.0038030167891974927,
    0.0032117986124341456,
    0.0026486726150984235,
    0.0021462303466905854,
    0.001720110899673805,
    0.0013733260177534676,
    0.00110043465510413,
    0.0008916383840233092,
    0.0007365508740618649,
    0.0006270027233170453,
    0.0005577426970516437,
    0.0005243838196443881
  ],
  "linf_errors": [
    5.673724499877242e-05,
    0.0014501642776968415,
    0.002980190411417838,
    0.0057292162753053155,
    0.007823339122983497,
    0.00897379918988872,
    0.009255694113659008,
    0.008869445951130706,
    0.008042774755662507,
    0.006978308463222338,
    0.005835757311294154,
    0.0047276901214905465,
    0.0037239923370363526,
    0.0028632971506423743,
    0.0021587514669914043,
    0.001609700908255518,
    0.0012035729356432157,
    0.000932224605557086,
    0.0008124169928397373,
    0.0007290740391570072,
    0.000642974589406764
  ],
  "max_l2_error": 0.005102175829216857,
  "max_linf_error": 0.009255694113659008,
  "mean_l2_error": 0.002386375981192509,
  "config": {
    "ic": "gaussian",
    "alpha": 0.25,
    "nu": 0.1,
    "t_max": 2.0,
    "n_times": 21,
    "N": 512,
    "N_ref": 2048,
    "L": 3.14159265358979,
    "pinn_checkpoint": "/content/fracburgers/results/train_pinn/ic_gaussian/alpha_0p25/nu_0p1/epochs_30000/model.weights.h5",
    "hidden_layers": null,
    "activation": null,
    "out_dir": "results/compare/ic_gaussian/alpha_0p25/nu_0p1/N_512",
    "movie": "/content/fracburgers/results/compare/gaussian_movie_0p25.gif",
    "movie_fps": 5
  }
}