{
  "times": [
    0.0,
    0.1,
    0.2,
    0.30000000000000004,
    0.4,
    0.5,
    0.6000000000000001,
    0.7000000000000001,
    0.8,
    0.9,
    1.0,
    1.1,
    1.2000000000000002,
    1.3,
    1.4000000000000001,
    1.5,
    1.6,
    1.7000000000000002,
    1.8,
    1.9000000000000001,
    2.0
  ],
  "l2_errors": [
    5.305313282941196e-05,
    0.0010225477523123547,
    0.002074534104444155,
    0.003629398182900613,
    0.004620109959752999,
    0.0050684747971320825,
    0.005102128682600982,
    0.004833555426329161,
    0.00436883893016534,
    0.0038029712656441877,
    0.0032117760859337514,
    0.0026486240117825164,
    0.0021462103086773445,
    0.0017200843961500405,
    0.0013733112956819434,
    0.001100403958939489,
    0.0008916148905845676,
    0.0007365402533072624,
    0.0006269856881646942,
    0.0005577294533879441,
    0.0005243825581638045
  ],
  "linf_errors": [
    5.657759010635477e-05,
    0.00145008676575209,
    0.00298013907398742,
    0.005729012983373694,
    0.00782324020491354,
    0.008973648616867225,
    0.009255524686549554,
    0.008869457273971482,
    0.008042466995337394,
    0.006978178290396264,
    0.0058357310608954105,
    0.0047275248001962256,
    0.003724157136352657,
    0.002863080895383785,
    0.0021587824091517938,
    0.001609645835365825,
    0.0012035872332195607,
    0.00093220547329953,
    0.0008121582492559565,
    0.0007291909529544283,
    0.0006428843599286527
  ],
  "max_l2_error": 0.005102128682600982,
  "max_linf_error": 0.009255524686549554,
  "mean_l2_error": 0.002386346434994507,
  "config": {
    "ic": "gaussian",
    "alpha": 0.25,
    "nu": 0.1,
    "t_max": 2.0,
    "n_times": 21,
    "N": 512,
    "N_ref": 2048,
    "L": 3.14159265358979,
    "pinn_checkpoint": "/Users/asness_will/Desktop/Everything_Academic/grad school/year 2/APMA 2070/fracburgers/results/train_pinn/ic_gaussian/alpha_0p25/nu_0p1/epochs_30000/model.weights.h5",
    "hidden_layers": null,
    "activation": null,
    "out_dir": "results/compare/ic_gaussian/alpha_0p25/nu_0p1/N_512",
    "movie": null,
    "movie_fps": 12
  }
}