{
  "times": [
    0.0,
    0.1,
    0.2,
    0.30000000000000004,
    0.4,
    0.5,
    0.6000000000000001,
    0.7000000000000001,
    0.8,
    0.9,
    1.0,
    1.1,
    1.2000000000000002,
    1.3,
    1.4000000000000001,
    1.5,
    1.6,
    1.7000000000000002,
    1.8,
    1.9000000000000001,
    2.0
  ],
  "l2_errors": [
    0.0006347424641204684,
    0.02854444449923583,
    0.06178892056103131,
    0.09883112421242848,
    0.13654560546108138,
    0.16935703184295764,
    0.19091142065137887,
    0.1970515310890764,
    0.18796905436445316,
    0.16781448481920264,
    0.14210910997418902,
    0.11532461828601573,
    0.09015422295915351,
    0.06795654823984654,
    0.049440917199304324,
    0.03526455740060557,
    0.0264994714199507,
    0.024054100625483427,
    0.02645542871318598,
    0.030834035498338346,
    0.03549388420740056
  ],
  "linf_errors": [
    0.0005265775058365119,
    0.025391514880374944,
    0.05704798606044703,
    0.09566023846799276,
    0.13917288589129106,
    0.18178758820191598,
    0.21477910335160788,
    0.23016613862288615,
    0.22546060255021194,
    0.20482303291956838,
    0.1754394643601047,
    0.1436258405080395,
    0.11345332312862078,
    0.08698786968799921,
    0.06502354253445719,
    0.047485959992915716,
    0.03393239977651308,
    0.03313439883363298,
    0.04156638483083139,
    0.049773751236023456,
    0.056877177670014545
  ],
  "max_l2_error": 0.1970515310890764,
  "max_linf_error": 0.23016613862288615,
  "mean_l2_error": 0.08966834545183049,
  "config": {
    "ic": "sine",
    "alpha": 0.9,
    "nu": 0.1,
    "t_max": 2.0,
    "n_times": 21,
    "N": 512,
    "N_ref": 2048,
    "L": 3.14159265358979,
    "pinn_checkpoint": "/Users/asness_will/Desktop/Everything_Academic/grad school/year 2/APMA 2070/fracburgers/results/train_pinn/ic_sine/alpha_0p9/nu_0p1/epochs_30000/model.weights.h5",
    "hidden_layers": null,
    "activation": null,
    "out_dir": "results/compare/ic_sine/alpha_0p9/nu_0p1/N_512",
    "movie": null,
    "movie_fps": 5
  }
}