{
  "times": [
    0.0,
    0.1,
    0.2,
    0.30000000000000004,
    0.4,
    0.5,
    0.6000000000000001,
    0.7000000000000001,
    0.8,
    0.9,
    1.0,
    1.1,
    1.2000000000000002,
    1.3,
    1.4000000000000001,
    1.5,
    1.6,
    1.7000000000000002,
    1.8,
    1.9000000000000001,
    2.0
  ],
  "l2_errors": [
    0.000634739955828149,
    0.028544432548100022,
    0.06178891496315818,
    0.09883110628851999,
    0.13654558186683943,
    0.1693570229414126,
    0.1909113934948513,
    0.1970514988863509,
    0.1879690217430904,
    0.16781446911374506,
    0.14210903093200164,
    0.11532451317573926,
    0.09015414972192852,
    0.0679564531239724,
    0.04944084244420441,
    0.03526449267487504,
    0.0264994528664422,
    0.024054162193802985,
    0.026455475205192862,
    0.030834062228178537,
    0.03549392742497635
  ],
  "linf_errors": [
    0.000527922460569652,
    0.025387317027022904,
    0.05704638596256684,
    0.09565903592001068,
    0.1391724131684533,
    0.18179471488456744,
    0.21478373447815324,
    0.23017119426438626,
    0.2254601140484822,
    0.20482775534007325,
    0.17543651261964033,
    0.1436253070002549,
    0.11345360060438703,
    0.08698192667706017,
    0.06502345279423183,
    0.047484642919314535,
    0.03393527438687882,
    0.033129058348934426,
    0.04156966363814807,
    0.049766808560380515,
    0.05688031251456327
  ],
  "max_l2_error": 0.1970514988863509,
  "max_linf_error": 0.23017119426438626,
  "mean_l2_error": 0.08966832113301001,
  "config": {
    "ic": "sine",
    "alpha": 0.9,
    "nu": 0.1,
    "t_max": 2.0,
    "n_times": 21,
    "N": 512,
    "N_ref": 2048,
    "L": 3.14159265358979,
    "pinn_checkpoint": "/content/fracburgers/results/train_pinn/ic_sine/alpha_0p9/nu_0p1/epochs_30000/model.weights.h5",
    "hidden_layers": null,
    "activation": null,
    "out_dir": "results/compare/ic_sine/alpha_0p9/nu_0p1/N_512",
    "movie": "/content/fracburgers/results/compare/sine_movie_0p9.gif",
    "movie_fps": 5
  }
}