{
  "times": [
    0.0,
    0.1,
    0.2,
    0.30000000000000004,
    0.4,
    0.5,
    0.6000000000000001,
    0.7000000000000001,
    0.8,
    0.9,
    1.0,
    1.1,
    1.2000000000000002,
    1.3,
    1.4000000000000001,
    1.5,
    1.6,
    1.7000000000000002,
    1.8,
    1.9000000000000001,
    2.0
  ],
  "l2_errors": [
    0.00012324483996856636,
    0.0005610774160834987,
    0.0025292680040038397,
    0.0037274660796994675,
    0.004181931136520387,
    0.004264743894181003,
    0.004176608728975151,
    0.004019788783178763,
    0.003842480437736916,
    0.0036581116532655757,
    0.0034620508660553437,
    0.0032452324662586274,
    0.0030020658208324254,
    0.0027327059141145885,
    0.002442404148312324,
    0.002139746593825433,
    0.0018349996497441694,
    0.0015388836166602528,
    0.0012619730103789943,
    0.0010147408293519158,
    0.0008086472791554303
  ],
  "linf_errors": [
    0.00011693774556162384,
    0.0008945838914609094,
    0.0036042392416467672,
    0.005156633623474516,
    0.005808170096118115,
    0.006110808500137899,
    0.006283338450544518,
    0.006359623576383977,
    0.006320591153896493,
    0.006148577076109163,
    0.005845014203595289,
    0.005428624663497694,
    0.004924727153981734,
    0.004362787862917328,
    0.0037725226795725098,
    0.0031779942159013697,
    0.002604106714658827,
    0.0020637880050579094,
    0.0015717144415587914,
    0.001313033590752799,
    0.0011134817287904442
  ],
  "max_l2_error": 0.004264743894181003,
  "max_linf_error": 0.006359623576383977,
  "mean_l2_error": 0.0025984843413477464,
  "config": {
    "ic": "gaussian",
    "alpha": 0.5,
    "nu": 0.1,
    "t_max": 2.0,
    "n_times": 21,
    "N": 512,
    "N_ref": 2048,
    "L": 3.14159265358979,
    "pinn_checkpoint": "/Users/asness_will/Desktop/Everything_Academic/grad school/year 2/APMA 2070/fracburgers/results/train_pinn/ic_gaussian/alpha_0p5/nu_0p1/epochs_30000/model.weights.h5",
    "hidden_layers": null,
    "activation": null,
    "out_dir": "results/compare/ic_gaussian/alpha_0p5/nu_0p1/N_512",
    "movie": null,
    "movie_fps": 12
  }
}