{
  "times": [
    0.0,
    0.1,
    0.2,
    0.30000000000000004,
    0.4,
    0.5,
    0.6000000000000001,
    0.7000000000000001,
    0.8,
    0.9,
    1.0,
    1.1,
    1.2000000000000002,
    1.3,
    1.4000000000000001,
    1.5,
    1.6,
    1.7000000000000002,
    1.8,
    1.9000000000000001,
    2.0
  ],
  "l2_errors": [
    0.00012323229581279562,
    0.0005611177345221695,
    0.002529324287276618,
    0.0037275190160953233,
    0.004181998234464341,
    0.004264804921196915,
    0.004176674830081197,
    0.004019838804613981,
    0.0038425305601469764,
    0.0036581685884946777,
    0.0034620825204667747,
    0.0032452881065479773,
    0.003002104243735374,
    0.002732735535073731,
    0.0024424386590526036,
    0.0021397872980576443,
    0.0018350350439514838,
    0.0015389042941800182,
    0.001261991401642304,
    0.0010147738565121694,
    0.000808667506310039
  ],
  "linf_errors": [
    0.00011740140606278371,
    0.0008954108049221698,
    0.003604924515915764,
    0.005156879647049584,
    0.005807403128060162,
    0.006110588721392807,
    0.006283080240403249,
    0.006359858385940997,
    0.006320326770403395,
    0.006148480717448335,
    0.00584539579851262,
    0.005429169262854416,
    0.004925019236602712,
    0.00436222588057511,
    0.0037721326321373816,
    0.003179457758643811,
    0.002603680252515561,
    0.002063704828984436,
    0.0015717763241070992,
    0.0013131644272931786,
    0.0011140368940535939
  ],
  "max_l2_error": 0.004264804921196915,
  "max_linf_error": 0.006359858385940997,
  "mean_l2_error": 0.0025985246542016725,
  "config": {
    "ic": "gaussian",
    "alpha": 0.5,
    "nu": 0.1,
    "t_max": 2.0,
    "n_times": 21,
    "N": 512,
    "N_ref": 2048,
    "L": 3.14159265358979,
    "pinn_checkpoint": "/content/fracburgers/results/train_pinn/ic_gaussian/alpha_0p5/nu_0p1/epochs_30000/model.weights.h5",
    "hidden_layers": null,
    "activation": null,
    "out_dir": "results/compare/ic_gaussian/alpha_0p5/nu_0p1/N_512",
    "movie": "/content/fracburgers/results/compare/gaussian_movie_0p5.gif",
    "movie_fps": 5
  }
}