{
  "times": [
    0.0,
    0.1,
    0.2,
    0.30000000000000004,
    0.4,
    0.5,
    0.6000000000000001,
    0.7000000000000001,
    0.8,
    0.9,
    1.0,
    1.1,
    1.2000000000000002,
    1.3,
    1.4000000000000001,
    1.5,
    1.6,
    1.7000000000000002,
    1.8,
    1.9000000000000001,
    2.0
  ],
  "l2_errors": [
    1.9735991068641954,
    1.9637854145961293,
    1.9528219856617308,
    1.9401305437187084,
    1.9243990135516944,
    1.9034868326435694,
    1.874967236737711,
    1.8374660264846887,
    1.7919651889594335,
    1.7412846525028984,
    1.688388562552503,
    1.6354209842176521,
    1.5836527861634946,
    1.5337086566250528,
    1.4857919378876507,
    1.4398686654426895,
    1.3958027223098681,
    1.3534396526342987,
    1.3126471348855393,
    1.2733270005239847,
    1.2354123210889811
  ],
  "linf_errors": [
    1.2192812075698947,
    1.2495089154159746,
    1.2822462432453088,
    1.3173107849276011,
    1.3535311498688565,
    1.3874129634507755,
    1.412969347724482,
    1.4244579282326846,
    1.4200536575647844,
    1.4021725187068133,
    1.3748946988244897,
    1.3420790379137446,
    1.3067738333181136,
    1.2710083221443558,
    1.2357941270451787,
    1.201455067907159,
    1.1679488265565017,
    1.135145144789599,
    1.1029219163174535,
    1.0712091587856492,
    1.0399977395763296
  ],
  "max_l2_error": 1.9735991068641954,
  "max_linf_error": 1.4244579282326846,
  "mean_l2_error": 1.6591126869548798,
  "config": {
    "ic": "gaussian",
    "alpha": 0.5,
    "nu": 0.1,
    "t_max": 2.0,
    "n_times": 21,
    "N": 512,
    "N_ref": 2048,
    "L": 3.14159265358979,
    "pinn_checkpoint": "/content/fracburgers/results/train_pinn/ic_sine/alpha_0p5/nu_0p1/epochs_30000/model.weights.h5",
    "hidden_layers": null,
    "activation": null,
    "out_dir": "results/compare/ic_gaussian/alpha_0p5/nu_0p1/N_512",
    "movie": "/content/fracburgers/results/compare/sine_movie_0p5.gif",
    "movie_fps": 5
  }
}