{
  "config": {
    "alpha": 0.5,
    "nu": 0.1,
    "a": 2.0,
    "b": 1.0,
    "k": 2.0,
    "L": 6.3,
    "n_terms": 120,
    "N_list": [
      64
    ],
    "times": [
      0.0,
      0.1,
      0.5,
      1.0,
      2.0,
      5.0
    ]
  },
  "errors": {
    "l2_by_N_time": [
      [
        0.0018424052795918263,
        0.0018415913132759066,
        0.0018144973285091524,
        0.0017473496436664333,
        0.001643384188899457,
        0.0014087279467279521
      ]
    ],
    "linf_by_N_time": [
      [
        0.004556870837836097,
        0.0036478916931708683,
        0.0023629357357010383,
        0.0021645520846446317,
        0.0020707905601786425,
        0.0013138279676137947
      ]
    ],
    "l2_max_over_time": [
      0.0018424052795918263
    ],
    "linf_max_over_time": [
      0.004556870837836097
    ]
  },
  "estimated_order": {
    "l2_max": [
      null
    ],
    "linf_max": [
      null
    ]
  },
  "largest_N_diagnostics": {
    "N": 64,
    "times": [
      0.0,
      0.1,
      0.5,
      1.0,
      2.0,
      5.0
    ],
    "l2_over_time": [
      0.0018424052795918261,
      0.0018415913132759061,
      0.0018144973285091522,
      0.0017473496436664336,
      0.001643384188899457,
      0.0014087279467279524
    ],
    "linf_over_time": [
      0.004556870837836097,
      0.0036478916931708683,
      0.0023629357357010383,
      0.0021645520846446317,
      0.0020707905601786425,
      0.0013138279676137947
    ]
  },
  "artifacts": {
    "convergence_plot": "results/reference_convergence.png",
    "visuals_plot": "results/reference_convergence_visuals.png",
    "movie": "tmp/reference.gif"
  }
}