{
  "times": [
    0.0,
    0.1,
    0.2,
    0.30000000000000004,
    0.4,
    0.5,
    0.6000000000000001,
    0.7000000000000001,
    0.8,
    0.9,
    1.0,
    1.1,
    1.2000000000000002,
    1.3,
    1.4000000000000001,
    1.5,
    1.6,
    1.7000000000000002,
    1.8,
    1.9000000000000001,
    2.0
  ],
  "l2_errors": [
    0.00023046255305451,
    0.020482331387770374,
    0.042099827382385505,
    0.06379981957630906,
    0.0837537636076553,
    0.09981842603197522,
    0.1102791106865772,
    0.11432788238690937,
    0.11206662086126329,
    0.10425968680226053,
    0.09217147504136784,
    0.0774692067159417,
    0.06197142158842981,
    0.04726153157635822,
    0.034400101632235086,
    0.023886649670843547,
    0.01583755690294494,
    0.010291234755829885,
    0.007516731303273171,
    0.007487906705920334,
    0.00896254982542185
  ],
  "linf_errors": [
    0.00024272143301473648,
    0.01930544850159399,
    0.042103104832114546,
    0.06754217945408825,
    0.09359484931867668,
    0.11727910554615129,
    0.13540591593894002,
    0.14551669305939052,
    0.14655046093042756,
    0.13891025810261137,
    0.12419494951953647,
    0.10485176036409327,
    0.08369872066841633,
    0.063338684774074,
    0.04569576158420019,
    0.03176946512053236,
    0.021632625379162107,
    0.014734513161267948,
    0.010259188564546218,
    0.012078393988760316,
    0.01679884825215705
  ],
  "max_l2_error": 0.11432788238690937,
  "max_linf_error": 0.14655046093042756,
  "mean_l2_error": 0.05420829985689175,
  "config": {
    "ic": "sine",
    "alpha": 0.25,
    "nu": 0.1,
    "t_max": 2.0,
    "n_times": 21,
    "N": 512,
    "N_ref": 2048,
    "L": 3.14159265358979,
    "pinn_checkpoint": "/content/fracburgers/results/train_pinn/ic_sine/alpha_0p25/nu_0p1/epochs_30000/model.weights.h5",
    "hidden_layers": null,
    "activation": null,
    "out_dir": "results/compare/ic_sine/alpha_0p25/nu_0p1/N_512",
    "movie": "/content/fracburgers/results/compare/sine_movie_0p25.gif",
    "movie_fps": 5
  }
}