{
  "times": [
    0.0,
    0.1,
    0.2,
    0.30000000000000004,
    0.4,
    0.5,
    0.6000000000000001,
    0.7000000000000001,
    0.8,
    0.9,
    1.0,
    1.1,
    1.2000000000000002,
    1.3,
    1.4000000000000001,
    1.5,
    1.6,
    1.7000000000000002,
    1.8,
    1.9000000000000001,
    2.0
  ],
  "l2_errors": [
    40.04212428067398,
    39.97289971896214,
    39.138484171391916,
    38.032801116173566,
    36.9254961354335,
    35.8653659681498,
    34.84329434985836,
    33.84049625166944,
    32.83490417652485,
    31.803136985146363,
    30.726646513167104,
    29.602470892541433,
    28.44800816507256,
    27.291937427378173,
    26.162844369165583,
    25.08465682866484,
    24.07508222622317,
    23.144702418867666,
    22.297333379257577,
    21.531527937042537,
    20.842437936904265
  ],
  "linf_errors": [
    37.91973961390759,
    37.968013690415226,
    38.42040430298695,
    39.35075510136122,
    40.313814715989814,
    41.05555883101999,
    41.500422199427206,
    41.637260160007585,
    41.45469369758746,
    40.951609345605675,
    40.169522851266095,
    39.177435339424385,
    38.00867241564753,
    36.64392138498828,
    35.07372300780341,
    33.35015880972694,
    31.57407966403577,
    29.83461924362154,
    28.193140270794984,
    26.684164975218053,
    25.322691129914837
  ],
  "max_l2_error": 40.04212428067398,
  "max_linf_error": 41.637260160007585,
  "mean_l2_error": 30.595554821346134,
  "config": {
    "ic": "sine",
    "alpha": 0.25,
    "nu": 0.1,
    "t_max": 2.0,
    "n_times": 21,
    "N": 512,
    "N_ref": 2048,
    "L": 3.14159265358979,
    "pinn_checkpoint": "/content/fracburgers/results/train_pinn/ic_sine/alpha_0p25/nu_0p1/epochs_20000/model.weights.h5",
    "hidden_layers": null,
    "activation": null,
    "out_dir": "results/compare/ic_sine/alpha_0p25/nu_0p1/N_512",
    "movie": null,
    "movie_fps": 12
  }
}