{
  "times": [
    0.0,
    0.1,
    0.2,
    0.30000000000000004,
    0.4,
    0.5,
    0.6000000000000001,
    0.7000000000000001,
    0.8,
    0.9,
    1.0,
    1.1,
    1.2000000000000002,
    1.3,
    1.4000000000000001,
    1.5,
    1.6,
    1.7000000000000002,
    1.8,
    1.9000000000000001,
    2.0
  ],
  "l2_errors": [
    0.00023045978432455078,
    0.0204823357134262,
    0.04209983226752945,
    0.06379982787172532,
    0.08375378727364088,
    0.09981842488038745,
    0.11027912457503006,
    0.11432788557980507,
    0.1120666391666093,
    0.10425971683224722,
    0.09217150143642322,
    0.07746925089405543,
    0.06197144876043741,
    0.04726156959199409,
    0.03440013273314548,
    0.023886691053769813,
    0.015837600045385286,
    0.010291257965460312,
    0.007516735006122319,
    0.007487900151776101,
    0.008962524669826551
  ],
  "linf_errors": [
    0.0002424525434130409,
    0.019305466075743904,
    0.0421029661038701,
    0.06754208805248663,
    0.09359498263129717,
    0.11727877252300933,
    0.13540618545164507,
    0.1455167569684379,
    0.146550520178373,
    0.1389102998889462,
    0.12419510786869048,
    0.10485169273927397,
    0.0836990380312308,
    0.06333892814233422,
    0.04569591323637501,
    0.03176934806204457,
    0.021632657177277803,
    0.014734759144146792,
    0.010259445736542805,
    0.012078239553210857,
    0.016798661132600312
  ],
  "max_l2_error": 0.11432788557980507,
  "max_linf_error": 0.146550520178373,
  "mean_l2_error": 0.05420831648824388,
  "config": {
    "ic": "sine",
    "alpha": 0.25,
    "nu": 0.1,
    "t_max": 2.0,
    "n_times": 21,
    "N": 512,
    "N_ref": 2048,
    "L": 3.14159265358979,
    "pinn_checkpoint": "/Users/asness_will/Desktop/Everything_Academic/grad school/year 2/APMA 2070/fracburgers/results/train_pinn/ic_sine/alpha_0p25/nu_0p1/epochs_30000/model.weights.h5",
    "hidden_layers": null,
    "activation": null,
    "out_dir": "results/compare/ic_sine/alpha_0p25/nu_0p1/N_512",
    "movie": null,
    "movie_fps": 5
  }
}