{
  "times": [
    0.0,
    0.1,
    0.2,
    0.30000000000000004,
    0.4,
    0.5,
    0.6000000000000001,
    0.7000000000000001,
    0.8,
    0.9,
    1.0,
    1.1,
    1.2000000000000002,
    1.3,
    1.4000000000000001,
    1.5,
    1.6,
    1.7000000000000002,
    1.8,
    1.9000000000000001,
    2.0
  ],
  "l2_errors": [
    0.00038919745097130287,
    0.0013207626603311284,
    0.0013556055432121523,
    0.0018207559000591573,
    0.0032847814139287455,
    0.004734776337126493,
    0.005794340897476313,
    0.0064052172839887695,
    0.006622058290483616,
    0.006533738328125658,
    0.006230633695268417,
    0.005792107734593547,
    0.00528299987775572,
    0.004753643594794087,
    0.004241388188751034,
    0.0037717997335229613,
    0.003360864507196565,
    0.00301724912519628,
    0.0027471596884999067,
    0.0025597529739655564,
    0.0024715089684306606
  ],
  "linf_errors": [
    0.00031146146640093075,
    0.0014229522890492896,
    0.001575147313016001,
    0.0023721434448646384,
    0.004267977166778125,
    0.0062776376129867195,
    0.007883018137595788,
    0.008970416994726227,
    0.009507126691669698,
    0.009601317917807939,
    0.009358540121900683,
    0.00885974973758008,
    0.008215982533219146,
    0.007481414604921299,
    0.006723411892049724,
    0.0059932704990125485,
    0.005312315435470116,
    0.004721678522956407,
    0.004236331281833261,
    0.003864019780442096,
    0.0036241637978435826
  ],
  "max_l2_error": 0.006622058290483616,
  "max_linf_error": 0.009601317917807939,
  "mean_l2_error": 0.00392811153303229,
  "config": {
    "ic": "gaussian",
    "alpha": 0.9,
    "nu": 0.1,
    "t_max": 2.0,
    "n_times": 21,
    "N": 512,
    "N_ref": 2048,
    "L": 3.14159265358979,
    "pinn_checkpoint": "/Users/asness_will/Desktop/Everything_Academic/grad school/year 2/APMA 2070/fracburgers/results/train_pinn/ic_gaussian/alpha_0p9/nu_0p1/epochs_30000/model.weights.h5",
    "hidden_layers": null,
    "activation": null,
    "out_dir": "results/compare/ic_gaussian/alpha_0p9/nu_0p1/N_512",
    "movie": null,
    "movie_fps": 12
  }
}