{
  "times": [
    0.0,
    0.1,
    0.2,
    0.30000000000000004,
    0.4,
    0.5,
    0.6000000000000001,
    0.7000000000000001,
    0.8,
    0.9,
    1.0,
    1.1,
    1.2000000000000002,
    1.3,
    1.4000000000000001,
    1.5,
    1.6,
    1.7000000000000002,
    1.8,
    1.9000000000000001,
    2.0
  ],
  "l2_errors": [
    1.9735562505055577,
    1.9606049280427564,
    1.950248331938043,
    1.941552499217308,
    1.9328317221185234,
    1.9213791303074317,
    1.9040590100809964,
    1.8786741050109996,
    1.8450818041642092,
    1.805067020587776,
    1.7611124423426128,
    1.7152539557846682,
    1.6687549315036707,
    1.6223208150004786,
    1.5763733298012974,
    1.5312035090717564,
    1.4870258304980597,
    1.443991821120365,
    1.4021967774556832,
    1.3616894851380825,
    1.3224850599095488
  ],
  "linf_errors": [
    1.2198359999439345,
    1.2344399978892149,
    1.2464535240581132,
    1.2587092486610838,
    1.274921985182009,
    1.2954172079061144,
    1.3155105626612045,
    1.3286453284249524,
    1.3309869812757646,
    1.3231881621193,
    1.3081373389001802,
    1.2884548983135091,
    1.265726828133658,
    1.2408903487212355,
    1.214525189018042,
    1.1871358134351133,
    1.1591997797449791,
    1.131080089905133,
    1.1030727593490999,
    1.0753833658263012,
    1.0481423935117344
  ],
  "max_l2_error": 1.9735562505055577,
  "max_linf_error": 1.3309869812757646,
  "mean_l2_error": 1.7145458456952296,
  "config": {
    "ic": "gaussian",
    "alpha": 0.9,
    "nu": 0.1,
    "t_max": 2.0,
    "n_times": 21,
    "N": 512,
    "N_ref": 2048,
    "L": 3.14159265358979,
    "pinn_checkpoint": "/content/fracburgers/results/train_pinn/ic_sine/alpha_0p9/nu_0p1/epochs_30000/model.weights.h5",
    "hidden_layers": null,
    "activation": null,
    "out_dir": "results/compare/ic_gaussian/alpha_0p9/nu_0p1/N_512",
    "movie": "/content/fracburgers/results/compare/sine_movie_0p9.gif",
    "movie_fps": 5
  }
}