{
  "times": [
    0.0,
    0.1,
    0.2,
    0.30000000000000004,
    0.4,
    0.5,
    0.6000000000000001,
    0.7000000000000001,
    0.8,
    0.9,
    1.0,
    1.1,
    1.2000000000000002,
    1.3,
    1.4000000000000001,
    1.5,
    1.6,
    1.7000000000000002,
    1.8,
    1.9000000000000001,
    2.0
  ],
  "l2_errors": [
    0.00038922837585550973,
    0.00132077693965447,
    0.0013556184867116571,
    0.001820754667707473,
    0.0032847829570547965,
    0.004734798522531559,
    0.00579436496022481,
    0.006405264289885118,
    0.006622081319600092,
    0.006533762133271744,
    0.006230662086261873,
    0.005792152893036219,
    0.005283046885885629,
    0.004753699200459924,
    0.004241416406398487,
    0.0037718640403396836,
    0.0033608952586007134,
    0.003017281428272649,
    0.002747239279609243,
    0.002559839512746196,
    0.002471507326806146
  ],
  "linf_errors": [
    0.0003187434839205805,
    0.0014271483655119155,
    0.0015768714151176422,
    0.0023758627041540747,
    0.004273688765724204,
    0.006270813011588938,
    0.007887776432612015,
    0.008970938615949886,
    0.009510006311936992,
    0.009599983536131507,
    0.009360812744069191,
    0.008858235337941445,
    0.0082151992070576,
    0.007483433708614207,
    0.006723743131890725,
    0.005995844407683415,
    0.005320547725766622,
    0.004725675304733057,
    0.004234970566513674,
    0.0038652456125504997,
    0.00361880807781062
  ],
  "max_l2_error": 0.006622081319600092,
  "max_linf_error": 0.009599983536131507,
  "mean_l2_error": 0.003928144617662572,
  "config": {
    "ic": "gaussian",
    "alpha": 0.9,
    "nu": 0.1,
    "t_max": 2.0,
    "n_times": 21,
    "N": 512,
    "N_ref": 2048,
    "L": 3.14159265358979,
    "pinn_checkpoint": "/content/fracburgers/results/train_pinn/ic_gaussian/alpha_0p9/nu_0p1/epochs_30000/model.weights.h5",
    "hidden_layers": null,
    "activation": null,
    "out_dir": "results/compare/ic_gaussian/alpha_0p9/nu_0p1/N_512",
    "movie": "/content/fracburgers/results/compare/gaussian_movie_0p9.gif",
    "movie_fps": 5
  }
}