{
  "times": [
    0.0,
    0.1,
    0.2,
    0.30000000000000004,
    0.4,
    0.5,
    0.6000000000000001,
    0.7000000000000001,
    0.8,
    0.9,
    1.0,
    1.1,
    1.2000000000000002,
    1.3,
    1.4000000000000001,
    1.5,
    1.6,
    1.7000000000000002,
    1.8,
    1.9000000000000001,
    2.0
  ],
  "l2_errors": [
    0.00023304644140089472,
    0.018420763027369662,
    0.037240840473861794,
    0.05517032360802911,
    0.0699215520382358,
    0.07883002956652996,
    0.08029466499318082,
    0.07475180061878876,
    0.06429280973250623,
    0.051527820400654935,
    0.038700756562673015,
    0.02734946373638899,
    0.018373559459977373,
    0.012334367304930831,
    0.009603788902542152,
    0.009578556139918933,
    0.010683343011288917,
    0.011940571318881273,
    0.013089854899530294,
    0.014146801179637158,
    0.015197186915345174
  ],
  "linf_errors": [
    0.00024104556496340468,
    0.017850283549471824,
    0.03845223728386937,
    0.060647584390582265,
    0.08146788595274157,
    0.09656940948670356,
    0.10228538112081353,
    0.09777733310537018,
    0.08529303694815815,
    0.0685892680926945,
    0.051404443697149915,
    0.036892624825047404,
    0.02674113122329158,
    0.020324780925692787,
    0.016305360148846648,
    0.013692306071443672,
    0.018155605374958528,
    0.021522408256230086,
    0.024058365518783487,
    0.026082697931406162,
    0.02784243435003253
  ],
  "max_l2_error": 0.08029466499318082,
  "max_linf_error": 0.10228538112081353,
  "mean_l2_error": 0.0338896143015082,
  "config": {
    "ic": "sine",
    "alpha": 0.1,
    "nu": 0.1,
    "t_max": 2.0,
    "n_times": 21,
    "N": 512,
    "N_ref": 2048,
    "L": 3.14159265358979,
    "pinn_checkpoint": "/content/fracburgers/results/train_pinn/ic_sine/alpha_0p1/nu_0p1/epochs_30000/model.weights.h5",
    "hidden_layers": null,
    "activation": null,
    "out_dir": "results/compare/ic_sine/alpha_0p1/nu_0p1/N_512",
    "movie": "/content/fracburgers/results/compare/movie_0p1.gif",
    "movie_fps": 5
  }
}