{
  "times": [
    0.0,
    0.1,
    0.2,
    0.30000000000000004,
    0.4,
    0.5,
    0.6000000000000001,
    0.7000000000000001,
    0.8,
    0.9,
    1.0,
    1.1,
    1.2000000000000002,
    1.3,
    1.4000000000000001,
    1.5,
    1.6,
    1.7000000000000002,
    1.8,
    1.9000000000000001,
    2.0
  ],
  "l2_errors": [
    0.0002330592276552889,
    0.01842078676018072,
    0.0372408445272804,
    0.055170323612953896,
    0.06992155518410713,
    0.0788300271366057,
    0.08029468150544823,
    0.07475181659141995,
    0.0642928483061501,
    0.05152786674448807,
    0.03870080747411283,
    0.02734952636454018,
    0.018373610290021398,
    0.012334410271163731,
    0.009603818939707257,
    0.009578535225659929,
    0.010683306872503295,
    0.01194053199926181,
    0.013089802097375213,
    0.01414674680578117,
    0.015197138157191443
  ],
  "linf_errors": [
    0.0002410382291380131,
    0.017850484353302054,
    0.038452104162903344,
    0.06064749305912165,
    0.08146792565041872,
    0.09656937738283844,
    0.10228542585632594,
    0.09777745088922263,
    0.08529320954117803,
    0.06858938320268537,
    0.05140435557592182,
    0.03689269087545766,
    0.026741272469317345,
    0.0203247172277633,
    0.016305387832719176,
    0.0136923245603785,
    0.018155465910301594,
    0.02152214613537695,
    0.024058194690130486,
    0.02608265218202077,
    0.027842370525869464
  ],
  "max_l2_error": 0.08029468150544823,
  "max_linf_error": 0.10228542585632594,
  "mean_l2_error": 0.033889621147314655,
  "config": {
    "ic": "sine",
    "alpha": 0.1,
    "nu": 0.1,
    "t_max": 2.0,
    "n_times": 21,
    "N": 512,
    "N_ref": 2048,
    "L": 3.14159265358979,
    "pinn_checkpoint": "/Users/asness_will/Desktop/Everything_Academic/grad school/year 2/APMA 2070/fracburgers/results/train_pinn/ic_sine/alpha_0p1/nu_0p1/epochs_30000/model.weights.h5",
    "hidden_layers": null,
    "activation": null,
    "out_dir": "results/compare/ic_sine/alpha_0p1/nu_0p1/N_512",
    "movie": null,
    "movie_fps": 5
  }
}